{
	"title" : "Experience",
	"experience" : [
		{
			"timeperiod" : "May 2017 - Nov 2017",
			"company" : "Uber",
			"website": "https://www.uber.com",
			"description" : "Nunc sapien nisi, maximus eleifend hendrerit sit amet, rutrum vel diam. Duis quam nibh, tincidunt eget nunc nec, suscipit pretium dolor. "
		},
		{
			"timeperiod" : "Nov 2017 - Present",
			"company" : "Google",
			"description" : "Nunc sapien nisi, maximus eleifend hendrerit sit amet, rutrum vel diam. Duis quam nibh, tincidunt eget nunc nec, suscipit pretium dolor. "
		}
	]
}